[{"pos_x": 191.77, "pos_y": -85.09, "rotation": -90.0, "side": "top", "designator": "R4", "mpn": null, "pack": "R_Axial_DIN0414_L11.9mm_D4.5mm_P5.08mm_Vertical", "value": "2K2", "mount_type": "tht", "place": true}, {"pos_x": 129.54, "pos_y": -58.42, "rotation": -90.0, "side": "top", "designator": "D3", "mpn": null, "pack": "D_DO-41_SOD81_P10.16mm_Horizontal", "value": "1N4007", "mount_type": "tht", "place": true}, {"pos_x": 177.8, "pos_y": -93.98, "rotation": -90.0, "side": "top", "designator": "C3", "mpn": null, "pack": "CP_Radial_D26.0mm_P10.00mm_SnapIn", "value": "4700uF/63V", "mount_type": "tht", "place": true}, {"pos_x": 149.86, "pos_y": -93.98, "rotation": -90.0, "side": "top", "designator": "C4", "mpn": null, "pack": "CP_Radial_D26.0mm_P10.00mm_SnapIn", "value": "4700uF/63V", "mount_type": "tht", "place": true}, {"pos_x": 149.86, "pos_y": -66.5121, "rotation": -90.0, "side": "top", "designator": "C2", "mpn": null, "pack": "CP_Radial_D26.0mm_P10.00mm_SnapIn", "value": "4700uF/63V", "mount_type": "tht", "place": true}, {"pos_x": 92.71, "pos_y": -111.76, "rotation": 0.0, "side": "top", "designator": "H3", "mpn": null, "pack": "MountingHole_3.2mm_M3", "value": "MountingHole", "mount_type": "tht", "place": true}, {"pos_x": 99.06, "pos_y": -80.01, "rotation": 90.0, "side": "top", "designator": "J1", "mpn": null, "pack": "TerminalBlock_RND_205-00067_1x02_P7.50mm_Horizontal", "value": "transformer secondary", "mount_type": "tht", "place": true}, {"pos_x": 193.04, "pos_y": -58.42, "rotation": 0.0, "side": "top", "designator": "H2", "mpn": null, "pack": "MountingHole_3.2mm_M3", "value": "MountingHole", "mount_type": "tht", "place": true}, {"pos_x": 171.45, "pos_y": -76.2, "rotation": 0.0, "side": "top", "designator": "R2", "mpn": null, "pack": "R_Axial_Power_L25.0mm_W9.0mm_P7.62mm_Vertical", "value": "10R 3W", "mount_type": "tht", "place": true}, {"pos_x": 99.06, "pos_y": -99.06, "rotation": 90.0, "side": "top", "designator": "J2", "mpn": null, "pack": "TerminalBlock_RND_205-00067_1x02_P7.50mm_Horizontal", "value": "to turntable", "mount_type": "tht", "place": true}, {"pos_x": 123.19, "pos_y": -58.42, "rotation": -90.0, "side": "top", "designator": "D2", "mpn": null, "pack": "D_DO-41_SOD81_P10.16mm_Horizontal", "value": "1N4007", "mount_type": "tht", "place": true}, {"pos_x": 114.3, "pos_y": -80.92, "rotation": 90.0, "side": "top", "designator": "C1", "mpn": null, "pack": "C_Rect_L26.5mm_W6.0mm_P22.50mm_MKS4", "value": "220nF", "mount_type": "tht", "place": true}, {"pos_x": 171.45, "pos_y": -63.5, "rotation": 0.0, "side": "top", "designator": "R1", "mpn": null, "pack": "R_Axial_Power_L25.0mm_W9.0mm_P7.62mm_Vertical", "value": "10R 3W", "mount_type": "tht", "place": true}, {"pos_x": 124.46, "pos_y": -104.14, "rotation": 0.0, "side": "top", "designator": "R3", "mpn": null, "pack": "R_Axial_Power_L20.0mm_W6.4mm_P5.08mm_Vertical", "value": "1K 2W", "mount_type": "tht", "place": true}, {"pos_x": 189.23, "pos_y": -69.85, "rotation": -90.0, "side": "top", "designator": "J3", "mpn": null, "pack": "TerminalBlock_RND_205-00067_1x02_P7.50mm_Horizontal", "value": "LED on main switch", "mount_type": "tht", "place": true}, {"pos_x": 129.54, "pos_y": -73.66, "rotation": -90.0, "side": "top", "designator": "D4", "mpn": null, "pack": "D_DO-41_SOD81_P10.16mm_Horizontal", "value": "1N4007", "mount_type": "tht", "place": true}, {"pos_x": 123.19, "pos_y": -73.66, "rotation": -90.0, "side": "top", "designator": "D1", "mpn": null, "pack": "D_DO-41_SOD81_P10.16mm_Horizontal", "value": "1N4007", "mount_type": "tht", "place": true}, {"pos_x": 193.04, "pos_y": -111.76, "rotation": 0.0, "side": "top", "designator": "H4", "mpn": null, "pack": "MountingHole_3.2mm_M3", "value": "MountingHole", "mount_type": "tht", "place": true}, {"pos_x": 92.71, "pos_y": -58.42, "rotation": 0.0, "side": "top", "designator": "H1", "mpn": null, "pack": "MountingHole_3.2mm_M3", "value": "MountingHole", "mount_type": "tht", "place": true}, {"pos_x": 114.3, "pos_y": -104.14, "rotation": 90.0, "side": "top", "designator": "C5", "mpn": null, "pack": "C_Rect_L18.0mm_W6.0mm_P15.00mm_FKS3_FKP3", "value": "100nF", "mount_type": "tht", "place": true}]